{
  "generatedAt": "2026-01-02T21:29:58.474Z",
  "inputs": {
    "focusFile": "./data/input/focus/focusSkillIds.large.json",
    "learningFile": "./data/input/learning/learningSkillsetsWithSkills.large.json",
    "focusSkillCount": 2035,
    "learningSkillsetCountRaw": 6963,
    "learningResourcesConsidered": 6963
  },
  "config": {
    "kValues": [
      1,
      32,
      128,
      256,
      1024,
      2048,
      3072,
      4096,
      16384,
      32768
    ],
    "maxHash": 2147483647,
    "measureRepeats": 20,
    "innerCompareLoops": 10,
    "gcEnabled": true,
    "note": "MinHash compareMs is median over repeats, normalized per one pass over all resources."
  },
  "results": [
    {
      "algorithm": "Jaccard",
      "k": "-",
      "similarityAvg": 0.00013077800026258665,
      "compareMs": 339.7261000000001,
      "errorMAE": 0,
      "secPerResCompare": 0.0000487901910096223,
      "details": {
        "repeats": 1,
        "innerLoops": 1
      }
    },
    {
      "algorithm": "MinHash",
      "k": 1,
      "similarityAvg": 0.0001436162573603332,
      "compareMs": 0.0647600000000125,
      "errorMAE": 0.0002742531114240389,
      "secPerResCompare": 9.300588826656974e-9,
      "details": {
        "precomputeMs": 37.42309999999998,
        "repeats": 20,
        "innerLoops": 10,
        "compareSamplesMs": [
          0.22040000000001783,
          0.1870200000000068,
          0.05217999999999847,
          0.06945000000000619,
          0.06269000000002052,
          0.06279000000001815,
          0.07046000000000277,
          0.06154999999998836,
          0.07031000000001768,
          0.0669800000000123,
          0.06310000000000855,
          0.06798000000001139,
          0.06661999999998898,
          0.06509000000000924,
          0.06621000000000095,
          0.06443000000001575,
          0.06404999999999746,
          0.061359999999990575,
          0.0638800000000174,
          0.05798999999999523
        ]
      }
    },
    {
      "algorithm": "MinHash",
      "k": 32,
      "similarityAvg": 0.00012566422519029154,
      "compareMs": 0.4465400000000045,
      "errorMAE": 0.00025108370175562364,
      "secPerResCompare": 6.413040356168382e-8,
      "details": {
        "precomputeMs": 45.52189999999996,
        "repeats": 20,
        "innerLoops": 10,
        "compareSamplesMs": [
          0.5438900000000103,
          0.44670999999998456,
          0.44097000000001574,
          0.44138000000000377,
          0.44518000000000485,
          0.44205999999999224,
          0.4424600000000055,
          0.44415000000001326,
          0.44243000000001304,
          0.4462500000000091,
          0.4467000000000098,
          0.44744000000000594,
          0.44431999999999333,
          0.4473099999999931,
          0.44763000000000375,
          0.4503099999999904,
          0.4612100000000055,
          0.46210000000000945,
          0.4463799999999992,
          0.47411999999999355
        ]
      }
    },
    {
      "algorithm": "MinHash",
      "k": 128,
      "similarityAvg": 0.0001447382593709608,
      "compareMs": 1.3823300000000018,
      "errorMAE": 0.00025056659240879343,
      "secPerResCompare": 1.9852506103690964e-7,
      "details": {
        "precomputeMs": 79.44640000000004,
        "repeats": 20,
        "innerLoops": 10,
        "compareSamplesMs": [
          1.4123800000000302,
          1.358140000000003,
          1.354589999999962,
          1.3566299999999956,
          1.3551100000000134,
          1.4239199999999983,
          1.3826000000000023,
          1.3787599999999656,
          1.3804099999999835,
          1.6048899999999775,
          1.405659999999989,
          1.3820600000000014,
          1.364220000000023,
          1.3918999999999868,
          1.3929700000000138,
          1.383690000000024,
          1.373160000000007,
          1.3698499999999967,
          1.383640000000014,
          1.40009
        ]
      }
    },
    {
      "algorithm": "MinHash",
      "k": 256,
      "similarityAvg": 0.00013183523624874335,
      "compareMs": 2.626239999999984,
      "errorMAE": 0.0002224296196300127,
      "secPerResCompare": 3.771707597299992e-7,
      "details": {
        "precomputeMs": 127.20500000000038,
        "repeats": 20,
        "innerLoops": 10,
        "compareSamplesMs": [
          2.8603000000000067,
          2.7124199999999745,
          2.6195700000000217,
          2.5970299999999953,
          2.6194100000000162,
          2.612379999999985,
          2.611080000000038,
          2.620579999999973,
          2.634950000000026,
          2.623819999999978,
          2.627079999999978,
          2.628189999999995,
          2.652759999999989,
          2.6253999999999906,
          2.630690000000004,
          2.6014700000000177,
          2.611409999999978,
          2.6333200000000034,
          2.6565700000000105,
          2.6329499999999824
        ]
      }
    },
    {
      "algorithm": "MinHash",
      "k": 1024,
      "similarityAvg": 0.00013225598700272872,
      "compareMs": 11.141194999999971,
      "errorMAE": 0.0001443321731298497,
      "secPerResCompare": 0.0000016000567284216533,
      "details": {
        "precomputeMs": 431.46839999999975,
        "repeats": 20,
        "innerLoops": 10,
        "compareSamplesMs": [
          10.61541000000002,
          11.359839999999986,
          11.44641999999999,
          11.313120000000026,
          11.198009999999977,
          10.09360999999999,
          11.415340000000015,
          11.084379999999964,
          10.172360000000026,
          10.24929000000002,
          10.344760000000042,
          11.343470000000071,
          11.36251999999995,
          12.18137999999999,
          10.573180000000047,
          11.416349999999966,
          10.663880000000063,
          10.398000000000048,
          10.149019999999927,
          11.578250000000025
        ]
      }
    },
    {
      "algorithm": "MinHash",
      "k": 2048,
      "similarityAvg": 0.00013113398499210111,
      "compareMs": 21.298250000000053,
      "errorMAE": 0.00008786083008527117,
      "secPerResCompare": 0.000003058774953324724,
      "details": {
        "precomputeMs": 824.1307000000006,
        "repeats": 20,
        "innerLoops": 10,
        "compareSamplesMs": [
          20.92712999999994,
          23.215880000000016,
          22.758129999999984,
          21.35803999999998,
          19.940650000000005,
          20.139189999999964,
          20.757609999999932,
          22.273239999999895,
          21.238460000000124,
          22.466589999999997,
          22.869440000000033,
          22.477499999999964,
          22.079269999999998,
          19.894140000000153,
          19.941309999999977,
          19.97747999999992,
          22.551240000000142,
          20.73197,
          22.276310000000013,
          19.827320000000146
        ]
      }
    },
    {
      "algorithm": "MinHash",
      "k": 3072,
      "similarityAvg": 0.0001366972449614633,
      "compareMs": 30.74126500000002,
      "errorMAE": 0.00008435041137824015,
      "secPerResCompare": 0.000004414945425822206,
      "details": {
        "precomputeMs": 1238.4632000000001,
        "repeats": 20,
        "innerLoops": 10,
        "compareSamplesMs": [
          29.666100000000007,
          29.912860000000002,
          31.770479999999953,
          33.07635000000009,
          30.37561999999998,
          29.785279999999876,
          29.934060000000137,
          29.689300000000003,
          32.04200000000001,
          33.29349999999995,
          31.794530000000123,
          31.106910000000063,
          33.207779999999914,
          31.520509999999923,
          29.8427300000003,
          31.310389999999824,
          32.36175999999978,
          29.67088999999978,
          29.935410000000047,
          29.887940000000164
        ]
      }
    },
    {
      "algorithm": "MinHash",
      "k": 4096,