{
  "generatedAt": "2026-01-02T21:11:39.516Z",
  "inputs": {
    "focusFile": "./data/input/focus/focusSkillIds.small.json",
    "learningFile": "./data/input/learning/learningSkillsetsWithSkills.small.json",
    "focusSkillCount": 69,
    "learningSkillsetCountRaw": 237,
    "learningResourcesConsidered": 237
  },
  "config": {
    "kValues": [
      1,
      32,
      128,
      256,
      1024,
      2048,
      3072,
      4096,
      16384,
      32768
    ],
    "maxHash": 2147483647,
    "measureRepeats": 20,
    "innerCompareLoops": 10,
    "gcEnabled": true,
    "note": "MinHash compareMs is median over repeats, normalized per one pass over all resources."
  },
  "results": [
    {
      "algorithm": "Jaccard",
      "k": "-",
      "similarityAvg": 0.002384009923910859,
      "compareMs": 0.6774000000000058,
      "errorMAE": 0,
      "secPerResCompare": 0.00000285822784810129,
      "details": {
        "repeats": 1,
        "innerLoops": 1
      }
    },
    {
      "algorithm": "MinHash",
      "k": 1,
      "similarityAvg": 0.004219409282700422,
      "compareMs": 0.0013800000000003365,
      "errorMAE": 0.006481117488272145,
      "secPerResCompare": 5.822784810128001e-9,
      "details": {
        "precomputeMs": 2.5301999999999794,
        "repeats": 20,
        "innerLoops": 10,
        "compareSamplesMs": [
          0.03888999999999783,
          0.03066000000000031,
          0.02505999999999915,
          0.015520000000000778,
          0.005170000000001096,
          0.005150000000000432,
          0.005420000000000869,
          0.0012899999999973488,
          0.001310000000000855,
          0.001300000000000523,
          0.00146000000000015,
          0.0014500000000026603,
          0.0013400000000018508,
          0.0013700000000000045,
          0.0013900000000006685,
          0.0012700000000023693,
          0.001300000000000523,
          0.0013399999999990087,
          0.0013399999999990087,
          0.0013299999999986766
        ]
      }
    },
    {
      "algorithm": "MinHash",
      "k": 32,
      "similarityAvg": 0.0032964135021097047,
      "compareMs": 0.015444999999999709,
      "errorMAE": 0.004092248255016553,
      "secPerResCompare": 6.516877637130678e-8,
      "details": {
        "precomputeMs": 1.2664000000000044,
        "repeats": 20,
        "innerLoops": 10,
        "compareSamplesMs": [
          0.11228000000000123,
          0.022520000000000095,
          0.020810000000000172,
          0.03205000000000098,
          0.01788999999999987,
          0.018000000000000682,
          0.018309999999999604,
          0.01442000000000121,
          0.01594000000000051,
          0.014619999999999323,
          0.0291499999999985,
          0.0148399999999981,
          0.014589999999998327,
          0.014490000000000692,
          0.01494000000000142,
          0.014519999999998845,
          0.014949999999998909,
          0.014109999999999446,
          0.014429999999998699,
          0.019990000000001375
        ]
      }
    },
    {
      "algorithm": "MinHash",
      "k": 128,
      "similarityAvg": 0.002736023206751055,
      "compareMs": 0.04746999999999843,
      "errorMAE": 0.0013485811908693025,
      "secPerResCompare": 2.002953586497824e-7,
      "details": {
        "precomputeMs": 2.4173000000000116,
        "repeats": 20,
        "innerLoops": 10,
        "compareSamplesMs": [
          0.058699999999998906,
          0.04832000000000107,
          0.049640000000005104,
          0.047169999999999844,
          0.047039999999998375,
          0.053679999999997105,
          0.04767999999999688,
          0.048860000000001944,
          0.046429999999998015,
          0.04637000000000171,
          0.04927999999999884,
          0.0498800000000017,
          0.04660000000000082,
          0.04519999999999982,
          0.052540000000004736,
          0.046649999999999636,
          0.04725999999999999,
          0.04722999999999615,
          0.047989999999998645,
          0.046570000000002665
        ]
      }
    },
    {
      "algorithm": "MinHash",
      "k": 256,
      "similarityAvg": 0.002488792194092827,
      "compareMs": 0.0905050000000017,
      "errorMAE": 0.0007100802277432712,
      "secPerResCompare": 3.8187763713080887e-7,
      "details": {
        "precomputeMs": 4.044800000000009,
        "repeats": 20,
        "innerLoops": 10,
        "compareSamplesMs": [
          0.09320999999999913,
          0.09757999999999925,
          0.08879999999999769,
          0.10101000000000226,
          0.08902000000000498,
          0.08922999999999774,
          0.09459999999999695,
          0.08922999999999774,
          0.08951000000000135,
          0.08974999999999796,
          0.0904800000000023,
          0.08969000000000164,
          0.09938999999999965,
          0.09265999999999508,
          0.09290000000000305,
          0.09543999999999642,
          0.10465000000000373,
          0.08919999999999959,
          0.09037999999999898,
          0.09053000000000111
        ]
      }
    },
    {
      "algorithm": "MinHash",
      "k": 1024,
      "similarityAvg": 0.0024434665084388184,
      "compareMs": 0.3357200000000006,
      "errorMAE": 0.0005797166285565775,
      "secPerResCompare": 0.000001416540084388188,
      "details": {
        "precomputeMs": 16.17360000000002,
        "repeats": 20,
        "innerLoops": 10,
        "compareSamplesMs": [
          0.3383399999999995,
          0.32850999999999997,
          0.33444000000000074,
          0.33560999999999697,
          0.355619999999999,
          0.33583000000000424,
          0.3351099999999974,
          0.33476,
          0.3370299999999986,
          0.3363999999999976,
          0.3352199999999982,
          0.335469999999998,
          0.3351099999999974,
          0.3355099999999993,
          0.33840999999999893,
          0.3349499999999921,
          0.33919000000000776,
          0.336239999999998,
          0.33930000000000293,
          0.3969600000000014
        ]
      }
    },
    {
      "algorithm": "MinHash",
      "k": 2048,
      "similarityAvg": 0.0023775382383966243,
      "compareMs": 0.6835999999999955,
      "errorMAE": 0.00035010231849114614,
      "secPerResCompare": 0.00000288438818565399,
      "details": {
        "precomputeMs": 27.460199999999986,
        "repeats": 20,
        "innerLoops": 10,
        "compareSamplesMs": [
          0.6810699999999997,
          0.6735900000000015,
          0.6658000000000015,
          0.6720399999999926,
          0.6673800000000029,
          0.6676899999999932,
          0.672020000000009,
          0.6679100000000062,
          0.6899700000000053,
          0.6717199999999934,
          0.709699999999998,
          0.778800000000001,
          0.7288799999999924,
          0.6788199999999961,
          0.7114299999999958,
          0.7039499999999975,
          0.6931600000000003,
          0.697589999999991,
          0.7044900000000098,
          0.6861299999999915
        ]
      }
    },
    {
      "algorithm": "MinHash",
      "k": 3072,
      "similarityAvg": 0.0023335860583684944,
      "compareMs": 1.0133800000000006,
      "errorMAE": 0.00036174725749316426,
      "secPerResCompare": 0.000004275864978902956,
      "details": {
        "precomputeMs": 44.313999999999965,
        "repeats": 20,
        "innerLoops": 10,