{
  "generatedAt": "2026-01-01T20:24:05.503Z",
  "inputs": {
    "focusFile": "./data/input/focus/focusSkillIds.medium.json",
    "learningFile": "./data/input/learning/learningSkillsetsWithSkills.medium.json",
    "focusSkillCount": 185,
    "learningSkillsetCountRaw": 633,
    "learningResourcesConsidered": 633
  },
  "config": {
    "kValues": [
      1,
      32,
      128,
      256,
      1024,
      2048,
      3072,
      4096,
      16384,
      32768
    ],
    "maxHash": 2147483647,
    "measureRepeats": 20,
    "innerCompareLoops": 10,
    "gcEnabled": true,
    "note": "MinHash compareMs is median over repeats, normalized per one pass over all resources."
  },
  "results": [
    {
      "algorithm": "Jaccard",
      "k": "-",
      "similarityAvg": 0.00244946929728794,
      "compareMs": 3.0748999999999853,
      "errorMAE": 0,
      "secPerResCompare": 0.000004857661927330151,
      "details": {
        "repeats": 1,
        "innerLoops": 1
      }
    },
    {
      "algorithm": "MinHash",
      "k": 1,
      "similarityAvg": 0.001579778830963665,
      "compareMs": 0.003794999999996662,
      "errorMAE": 0.004012169438187131,
      "secPerResCompare": 5.995260663501836e-9,
      "details": {
        "precomputeMs": 3.9355999999999938,
        "repeats": 20,
        "innerLoops": 10,
        "compareSamplesMs": [
          0.09257000000000062,
          0.06881999999999948,
          0.03129000000000133,
          0.015739999999999553,
          0.013189999999997325,
          0.004129999999997835,
          0.00392999999999688,
          0.003659999999996444,
          0.005219999999997072,
          0.004730000000000701,
          0.003530000000000655,
          0.00472000000000321,
          0.003309999999999036,
          0.003540000000003829,
          0.0030799999999999274,
          0.003100000000000591,
          0.0035599999999988085,
          0.003469999999998663,
          0.0033700000000010276,
          0.0036000000000001365
        ]
      }
    },
    {
      "algorithm": "MinHash",
      "k": 32,
      "similarityAvg": 0.0020734597156398106,
      "compareMs": 0.04098500000000342,
      "errorMAE": 0.003686532304340244,
      "secPerResCompare": 6.474723538705122e-8,
      "details": {
        "precomputeMs": 3.350500000000011,
        "repeats": 20,
        "innerLoops": 10,
        "compareSamplesMs": [
          0.14325000000000046,
          0.056900000000001685,
          0.055230000000000244,
          0.05174000000000092,
          0.052230000000002975,
          0.037359999999995355,
          0.041410000000001904,
          0.040560000000004946,
          0.03980000000000246,
          0.041700000000003,
          0.04024000000000001,
          0.04055999999999926,
          0.04267000000000394,
          0.04020999999999617,
          0.04384000000000014,
          0.0393100000000004,
          0.037529999999998155,
          0.03714999999999691,
          0.042759999999998397,
          0.03711999999999875
        ]
      }
    },
    {
      "algorithm": "MinHash",
      "k": 128,
      "similarityAvg": 0.002394352290679305,
      "compareMs": 0.1267600000000016,
      "errorMAE": 0.0022032743956384515,
      "secPerResCompare": 2.002527646129567e-7,
      "details": {
        "precomputeMs": 6.878899999999987,
        "repeats": 20,
        "innerLoops": 10,
        "compareSamplesMs": [
          0.13494999999999777,
          0.1290900000000022,
          0.12361999999999966,
          0.12478000000000407,
          0.1254000000000019,
          0.12250999999999976,
          0.12481999999999971,
          0.15910000000000082,
          0.12416999999999803,
          0.1265199999999993,
          0.1303799999999967,
          0.1987700000000018,
          0.12230000000000132,
          0.12807999999999992,
          0.1269200000000012,
          0.12717999999999846,
          0.1284999999999968,
          0.12642999999999915,
          0.12660000000000196,
          0.1283299999999997
        ]
      }
    },
    {
      "algorithm": "MinHash",
      "k": 256,
      "similarityAvg": 0.002388181279620853,
      "compareMs": 0.23555000000000065,
      "errorMAE": 0.0015222254782127982,
      "secPerResCompare": 3.7211690363349236e-7,
      "details": {
        "precomputeMs": 12.287300000000016,
        "repeats": 20,
        "innerLoops": 10,
        "compareSamplesMs": [
          0.22968000000000188,
          0.24600999999999545,
          0.23453999999999836,
          0.23485999999999763,
          0.2354600000000005,
          0.2393599999999992,
          0.23541999999999916,
          0.23318999999999618,
          0.2356400000000008,
          0.2334799999999973,
          0.23981999999999742,
          0.2623899999999935,
          0.2563400000000001,
          0.23690000000000283,
          0.23331000000000585,
          0.2339800000000082,
          0.23951999999999316,
          0.23904999999999746,
          0.2343900000000076,
          0.23760999999999513
        ]
      }
    },
    {
      "algorithm": "MinHash",
      "k": 1024,
      "similarityAvg": 0.002385095774091627,
      "compareMs": 0.9036349999999971,
      "errorMAE": 0.0008259023349504629,
      "secPerResCompare": 0.0000014275434439178468,
      "details": {
        "precomputeMs": 42.655399999999986,
        "repeats": 20,
        "innerLoops": 10,
        "compareSamplesMs": [
          0.9009500000000003,
          0.9061400000000048,
          0.9004300000000057,
          0.8991800000000012,
          0.9833700000000022,
          0.9132100000000036,
          0.91019,
          0.9709299999999985,
          0.9005300000000034,
          0.9945600000000013,
          0.8982999999999948,
          0.9083499999999958,
          0.9006799999999998,
          0.8985400000000027,
          0.917470000000003,
          0.8999099999999999,
          0.9024599999999964,
          0.9042699999999968,
          0.9029999999999972,
          0.9558899999999995
        ]
      }
    },
    {
      "algorithm": "MinHash",
      "k": 2048,
      "similarityAvg": 0.0024136367002369668,
      "compareMs": 1.8213599999999928,
      "errorMAE": 0.0005361578833239314,
      "secPerResCompare": 0.0000028773459715639697,
      "details": {
        "precomputeMs": 77.67649999999992,
        "repeats": 20,
        "innerLoops": 10,
        "compareSamplesMs": [
          1.7751699999999915,
          1.8154499999999985,
          1.8069600000000037,
          1.8068600000000061,
          1.8858299999999986,
          1.872479999999996,
          1.7999499999999897,
          1.8158400000000028,
          1.804880000000003,
          1.7938100000000077,
          1.8261500000000068,
          1.8188699999999927,
          1.8522299999999858,
          2.0088399999999864,
          1.823849999999993,
          1.9915199999999913,
          2.0372800000000097,
          1.8185999999999922,
          2.2056100000000014,
          1.9653800000000046
        ]
      }
    },
    {
      "algorithm": "MinHash",
      "k": 3072,
      "similarityAvg": 0.002470461427066876,
      "compareMs": 2.939499999999998,
      "errorMAE": 0.0005094130390309386,
      "secPerResCompare": 0.00000464375987361769,
      "details": {
        "precomputeMs": 116.62559999999985,
        "repeats": 20,
        "innerLoops": 10,