{
  "generatedAt": "2026-01-01T17:49:40.516Z",
  "inputs": {
    "focusFile": "./data/input/focus/focusSkillIds.medium.json",
    "learningFile": "./data/input/learning/learningSkillsetsWithSkills.medium.json",
    "focusSkillCount": 185,
    "learningSkillsetCountRaw": 633,
    "learningResourcesConsidered": 633
  },
  "config": {
    "kValues": [
      1,
      32,
      128,
      256,
      1024,
      2048,
      3072,
      4096,
      8192,
      16384,
      32768
    ],
    "maxHash": 2147483647,
    "minhashMeasurement": "totalMs = precomputeMs + compareMs"
  },
  "results": [
    {
      "algorithm": "Jaccard",
      "k": "-",
      "similarity": 0.00244946929728794,
      "timeMs": 2.7827000000000055,
      "errorMAE": 0,
      "helpJaccardSim": 0.00244946929728794,
      "precomputeMs": 0,
      "compareMs": 2.7827000000000055,
      "totalMs": 2.7827000000000055,
      "secPerResourceTotal": 0.0000043960505529226,
      "secPerResourcePre": 0,
      "secPerResourceCmp": 0.0000043960505529226
    },
    {
      "algorithm": "MinHash",
      "k": 1,
      "similarity": 0.001579778830963665,
      "timeMs": 4.064799999999991,
      "errorMAE": 0.003995090748122661,
      "helpJaccardSim": 0.00244946929728794,
      "precomputeMs": 3.979299999999995,
      "compareMs": 0.08549999999999613,
      "totalMs": 4.064799999999991,
      "secPerResourceTotal": 0.000006421484992101092,
      "secPerResourcePre": 0.000006286413902053704,
      "secPerResourceCmp": 1.3507109004738725e-7
    },
    {
      "algorithm": "MinHash",
      "k": 32,
      "similarity": 0.0022709320695102684,
      "timeMs": 4.735499999999973,
      "errorMAE": 0.003832309483445663,
      "helpJaccardSim": 0.00244946929728794,
      "precomputeMs": 4.170799999999986,
      "compareMs": 0.5646999999999878,
      "totalMs": 4.735499999999973,
      "secPerResourceTotal": 0.000007481042654028393,
      "secPerResourcePre": 0.000006588941548183232,
      "secPerResourceCmp": 8.921011058451624e-7
    },
    {
      "algorithm": "MinHash",
      "k": 128,
      "similarity": 0.002591824644549763,
      "timeMs": 11.652299999999968,
      "errorMAE": 0.002395601908903132,
      "helpJaccardSim": 0.00244946929728794,
      "precomputeMs": 11.482399999999984,
      "compareMs": 0.16989999999998417,
      "totalMs": 11.652299999999968,
      "secPerResourceTotal": 0.000018408056872037865,
      "secPerResourcePre": 0.000018139652448657164,
      "secPerResourceCmp": 2.684044233807017e-7
    },
    {
      "algorithm": "MinHash",
      "k": 256,
      "similarity": 0.002597995655608215,
      "timeMs": 13.381599999999992,
      "errorMAE": 0.0014302689845688713,
      "helpJaccardSim": 0.00244946929728794,
      "precomputeMs": 13.07529999999997,
      "compareMs": 0.30630000000002156,
      "totalMs": 13.381599999999992,
      "secPerResourceTotal": 0.00002113996840442337,
      "secPerResourcePre": 0.000020656082148499164,
      "secPerResourceCmp": 4.838862559242047e-7
    },
    {
      "algorithm": "MinHash",
      "k": 1024,
      "similarity": 0.002448348637440758,
      "timeMs": 44.888600000000054,
      "errorMAE": 0.0009049657481513661,
      "helpJaccardSim": 0.00244946929728794,
      "precomputeMs": 43.81080000000003,
      "compareMs": 1.0778000000000247,
      "totalMs": 44.888600000000054,
      "secPerResourceTotal": 0.00007091406003159567,
      "secPerResourcePre": 0.00006921137440758299,
      "secPerResourceCmp": 0.0000017026856240126773
    },
    {
      "algorithm": "MinHash",
      "k": 2048,
      "similarity": 0.002398209172590837,
      "timeMs": 79.5435,
      "errorMAE": 0.0006270740998861854,
      "helpJaccardSim": 0.00244946929728794,
      "precomputeMs": 77.7989,
      "compareMs": 1.7445999999999913,
      "totalMs": 79.5435,
      "secPerResourceTotal": 0.00012566113744075827,
      "secPerResourcePre": 0.00012290505529225908,
      "secPerResourceCmp": 0.0000027560821484991965
    },
    {
      "algorithm": "MinHash",
      "k": 3072,
      "similarity": 0.0024041230581885184,
      "timeMs": 125.04710000000006,
      "errorMAE": 0.00046378879032116704,
      "helpJaccardSim": 0.00244946929728794,
      "precomputeMs": 122.39770000000004,
      "compareMs": 2.649400000000014,
      "totalMs": 125.04710000000006,
      "secPerResourceTotal": 0.00019754676145339662,
      "secPerResourcePre": 0.00019336129541864145,
      "secPerResourceCmp": 0.000004185466034755156
    },
    {
      "algorithm": "MinHash",
      "k": 4096,
      "similarity": 0.002449505702014218,
      "timeMs": 163.3723,
      "errorMAE": 0.0004476571911264746,
      "helpJaccardSim": 0.00244946929728794,
      "precomputeMs": 159.93499999999995,
      "compareMs": 3.43730000000005,
      "totalMs": 163.3723,
      "secPerResourceTotal": 0.0002580921011058452,
      "secPerResourcePre": 0.0002526619273301737,
      "secPerResourceCmp": 0.000005430173775671485
    },
    {
      "algorithm": "MinHash",
      "k": 8192,
      "similarity": 0.0024350423948459716,
      "timeMs": 317.7029,
      "errorMAE": 0.0002780909028528038,
      "helpJaccardSim": 0.00244946929728794,
      "precomputeMs": 310.6749,
      "compareMs": 7.02800000000002,
      "totalMs": 317.7029,
      "secPerResourceTotal": 0.0005019003159557662,
      "secPerResourcePre": 0.0004907976303317535,
      "secPerResourceCmp": 0.00001110268562401267
    },
    {
      "algorithm": "MinHash",
      "k": 16384,
      "similarity": 0.0024269429428317537,
      "timeMs": 628.0897999999997,
      "errorMAE": 0.00020409248346263186,
      "helpJaccardSim": 0.00244946929728794,
      "precomputeMs": 613.2384,
      "compareMs": 14.851399999999785,
      "totalMs": 628.0897999999997,
      "secPerResourceTotal": 0.0009922429699842016,
      "secPerResourcePre": 0.0009687810426540284,
      "secPerResourceCmp": 0.000023461927330173436
    },
    {
      "algorithm": "MinHash",
      "k": 32768,
      "similarity": 0.0024412134059044236,
      "timeMs": 1278.5515999999998,
      "errorMAE": 0.000173909477812371,
      "helpJaccardSim": 0.00244946929728794,
      "precomputeMs": 1249.7806,
      "compareMs": 28.77099999999973,
      "totalMs": 1278.5515999999998,
      "secPerResourceTotal": 0.002019828751974723,
      "secPerResourcePre": 0.001974376935229068,
      "secPerResourceCmp": 0.00004545181674565518
    }
  ]
}